{
  "model_type": "Random Forest",
  "sklearn_version": "1.4.2",
  "dataset_path": "../data/diabetes.csv",
  "dataset_sha256": "698c203a14aa31941d2251175330c9199f3ccdb31597abbba2a3e35416257a72",
  "dataset_size_bytes": 23873,
  "row_count": 768,
  "feature_count": 8,
  "class_counts": {
    "0": 500,
    "1": 268
  },
  "train_size": 614,
  "test_size": 154,
  "split_random_state": 42,
  "test_fraction": 0.2,
  "metrics": {
    "train_accuracy": 0.9495114006514658,
    "accuracy": 0.7597402597402597,
    "precision": 0.6491228070175439,
    "recall": 0.6851851851851852,
    "f1": 0.6666666666666666,
    "auc": 0.8246296296296296,
    "brier": 0.16196334916385527
  },
  "feature_medians": {
    "Pregnancies": 3.0,
    "Glucose": 117.0,
    "BloodPressure": 72.0,
    "SkinThickness": 29.0,
    "Insulin": 125.0,
    "BMI": 32.3,
    "DiabetesPedigreeFunction": 0.3725,
    "Age": 29.0
  },
  "feature_iqr": {
    "Pregnancies": 5.0,
    "Glucose": 40.5,
    "BloodPressure": 16.0,
    "SkinThickness": 7.0,
    "Insulin": 5.75,
    "BMI": 9.100000000000001,
    "DiabetesPedigreeFunction": 0.38249999999999995,
    "Age": 17.0
  }
}
